input,output
"Farmley Potli 800 gms - Roasted and salted Cashews 200 gms, Nutty Mix 200 gms, Berry Mix 200 gms, and Protein Mix 200 gms","Masala, Dry Fruits & More > Dry Fruits & Seeds"
Borges Extra Light Olive Oil Bottle,"Atta, Rice, Oil & Dals > Oil"
boAt Stone 190/193 5W Portable Wireless Speaker With Ipx7 Water Resistance(Black) 1 PIECE,Home Needs > Electricals
"boAt Rockerz 235V2/238V2 Wireless Neckband With Fast Charge,Up To 8H Playtime (Black) 1 PIECE",Home Needs > Electricals
Oleev Active Oil Jar,"Atta, Rice, Oil & Dals > Oil"
Dhara Health Refined Sun Flower Oil Jar,"Atta, Rice, Oil & Dals > Oil"
Saffola Gold (Jar),"Atta, Rice, Oil & Dals > Oil"
"Farmley Potli 900 gms - Premium Almonds 250 gms, W320 Cashews 250 gms, Pistachios 200 gms and Raisins 200 gms","Masala, Dry Fruits & More > Dry Fruits & Seeds"
Fortune Sunlite Refined Sunflower (Jar),"Atta, Rice, Oil & Dals > Oil"
Popular Essentials Bullet Wada Kolam Raw Rice,"Atta, Rice, Oil & Dals > Rice & Cereals"
boAt Ltg 500 Indestructible Nylon Braided 1M Usb To Lightning Cable (Grey),Home Needs > Electricals
Protinex Tasty Chocolate Refill,"Tea, Coffee & More > Health Drink Mixes"
Gold Winner Refined Sunflower Oil,"Atta, Rice, Oil & Dals > Oil"
Freedom Refined Sunflower Oil,"Atta, Rice, Oil & Dals > Oil"
Whiskas Kitten (2-12 months) Dry Cat Food Ocean Fish Flavour,Packaged Food > Pet Food
Dhara Kachi Ghani Mustard Oil Jar,"Atta, Rice, Oil & Dals > Oil"
Slimjim Original Roach Pad,Paan Corner > Smoking Accessories
Gillette Fusion Cartridges,Hygiene & Grooming > Men's Grooming
Farmley Jumbo California Walnut Inshell Farmley Monocarton,"Masala, Dry Fruits & More > Dry Fruits & Seeds"
Saffola Tasty Pro Fitness Conscious Edible Oil (Jar),"Atta, Rice, Oil & Dals > Oil"
Daawat Traditional Basmati Rice,"Atta, Rice, Oil & Dals > Rice & Cereals"
Fortune Soyabean Oil,"Atta, Rice, Oil & Dals > Oil"
Sunpure Refined Sunflower,"Atta, Rice, Oil & Dals > Oil"
Buffet Foods Breaded Fish Finger,Packaged Food > Non Veg - Frozen
Lakme Youth Infinity Day Creme,Bath & Body > Face & Body Creams
Durex Intense Vibe Ring for Extra Pleasure for Men & Women | Compatible with Condoms & Lubes,Health & Baby Care > Sexual Wellness
GRB Ghee Jar,"Atta, Rice, Oil & Dals > Ghee"
Pampers Diapers - Extra Large Size Premium Care Pants,Health & Baby Care > Diapers & Wipes
Pampers Diaper Pants - XL,Health & Baby Care > Diapers & Wipes
Pampers Diaper Pants - L,Health & Baby Care > Diapers & Wipes
Head & Shoulders Smooth and Silky Anti Dandruff Shampoo,Bath & Body > Shampoo & Conditioner
Popular Essentials Super Sona Masuri Raw Rice,"Atta, Rice, Oil & Dals > Rice & Cereals"
Sundrop Superlite Advanced Oil - Sunflower,"Atta, Rice, Oil & Dals > Oil"
Durex Play Massage 2-In-1 Aloe Vera Lube,Health & Baby Care > Sexual Wellness
Daawat Super Basmati,"Atta, Rice, Oil & Dals > Rice & Cereals"
Ariel Complete Detergent Powder,Cleaning Essentials > Laundry Detergents
Nestle Nan Pro Follow-Up Formula Stage 1,Packaged Food > Baby Food
Nuttero Blueberry Dry Fruit,Fruits & Vegetables > Dried & Dehydrated Fruits
Surf Excel Easy Wash Detergent Powder,Cleaning Essentials > Laundry Detergents
Popular Essentials Premium Jeera Rice,"Atta, Rice, Oil & Dals > Rice & Cereals"
Popular Essentials Rozana Sona Masuri Raw Rice,"Atta, Rice, Oil & Dals > Rice & Cereals"
Nestle Nan Pro Stage 2 Follow-up Formula Powder,Packaged Food > Baby Food
Happilo 100% Natural Premium Whole Cashews,"Masala, Dry Fruits & More > Dry Fruits & Seeds"
"L'Oreal Paris Excellence Creme Hair Color, 3 Dark Brown/Natural Darkest Brown",Bath & Body > Hair Colour & Cream
"L'Oreal Paris Excellence Creme Hair Color, 1 Black",Bath & Body > Hair Colour & Cream
"L'Oreal Paris Excellence Creme Hair Color, 4 Natural Brown/Natural Dark Brown",Bath & Body > Hair Colour & Cream
Nestle Nan Pro Stage 3 Follow-up Formula Powder,Packaged Food > Baby Food
Lakmé Absolute Youth Infinity Night Creme,Bath & Body > Face & Body Creams
Red Bull Energy Drink Pack Of 6,Cold Drinks & Juices > Non-Alco & Energy Drink
KLF Nirmal Virgin Coconut Oil,"Atta, Rice, Oil & Dals > Oil"
Daawat Pulav Rice,"Atta, Rice, Oil & Dals > Rice & Cereals"
Ensure Chocolate Box - J,"Tea, Coffee & More > Health Drink Mixes"
Dove Hair Fall Rescue Shampoo,Bath & Body > Shampoo & Conditioner
Neutrogena Oil Free Acne Face Wash,Bath & Body > Face Wash & Packs
L'Oreal Paris Excellence Creme Hair Color 3.16 Burgundy,Bath & Body > Hair Colour & Cream
Sundrop Heart Oil - Vegetable,"Atta, Rice, Oil & Dals > Oil"
"Red Label Natural Care Tea, with 5 Ayurvedic Ingredients","Tea, Coffee & More > Tea"
Ezee Aluminium Foil 72 Mtr,Home Needs > Tissues & Disposables
Organic India Vitality Ayurvedic Capsule,Health & Baby Care > Vitamins & Digestive care
Heritage Cow Ghee,"Atta, Rice, Oil & Dals > Ghee"
L'Oreal Casting Creme Ebony Black Hair Color,Bath & Body > Hair Colour & Cream
L'Oreal Paris Casting Creme Gloss Hair Color (Dark Brown 400),Bath & Body > Hair Colour & Cream
Bagrrys No Added Sugar Crunchy Muesli,Breakfast & Sauces > Breakfast Cereals
"L'Oreal Paris Excellence Creme Hair Color, 3.16 Burgundy",Bath & Body > Hair Colour & Cream
Jimmy's Cocktails Festive Byob With Bar Blade,Cold Drinks & Juices > Soda & Mixers
Bagrry's Fruit Fibre Muesli Mixed Fruit,Breakfast & Sauces > Breakfast Cereals
Aashirvaad Svasti Cow Ghee,"Atta, Rice, Oil & Dals > Ghee"
Popular Essentials Cashew Whole,"Masala, Dry Fruits & More > Dry Fruits & Seeds"
Loreal Paris Extraordinary Oil Serum,Bath & Body > Hair Oil & Serums
Sebamed Baby Bath Face & Body Wash Foam,Health & Baby Care > Baby Bath & Skin
Saffola Gold Refined Cooking Oil Jar,"Atta, Rice, Oil & Dals > Oil"
Pediasure Health & Nutrition Drink Powder Vanilla Pouch,"Tea, Coffee & More > Health Drink Mixes"
Shree Akshara Premium Sona Masoori Rice (Raw),"Atta, Rice, Oil & Dals > Rice & Cereals"
Gillette Fusion Proglide Flexball Manual Shaving Razor Blades Cartridge,Hygiene & Grooming > Men's Grooming
L'Oreal Paris Shine Masque Royal Jelly Hair Colour,Bath & Body > Shampoo & Conditioner
Gillette Fusion5 Power Cartridges,Hygiene & Grooming > Men's Grooming
Neutrogena Ultra Sheer Dry Touch Sunblock SPF,Bath & Body > Face & Body Creams
Popular Essentials Cashew Split,"Masala, Dry Fruits & More > Dry Fruits & Seeds"
Nestle Nangrow Nutritious Milk Drink - For Growing Children Creamy Vanilla,Packaged Food > Baby Food
Whisper Ultra Clean Sanitary Pads for Women XL,Hygiene & Grooming > Feminine Hygiene
Amul Ghee Tin,"Atta, Rice, Oil & Dals > Ghee"
Protinex Original Health And Nutritional Drink,"Tea, Coffee & More > Health Drink Mixes"
Dove Daily Shine Shampoo,Bath & Body > Shampoo & Conditioner
India Gate Basmati Rice Dubar,"Atta, Rice, Oil & Dals > Rice & Cereals"
Ziofit Walnut Kernels Extra Light Quarter Buy 1 Get 1 Free,"Masala, Dry Fruits & More > Dry Fruits & Seeds"
Ariel Matic Front Load Liquid Detergent,Cleaning Essentials > Laundry Detergents
Farmley Premium California Almonds Farmley Center Seal Pouch,"Masala, Dry Fruits & More > Dry Fruits & Seeds"
Farmley Premium Panchmewa Superfood Farmley Jar,"Masala, Dry Fruits & More > Dry Fruits & Seeds"
Protinex Tasty Chocolate Tin,"Tea, Coffee & More > Health Drink Mixes"
Protinex Vanilla Tin,"Tea, Coffee & More > Health Drink Mixes"
Red Label Tea,"Tea, Coffee & More > Tea"
Amul Ghee Tetrapack,"Atta, Rice, Oil & Dals > Ghee"
"Bagrry's Crunchy Muesli with Almonds, Raisins & Honey(40% Oat Clusters)",Breakfast & Sauces > Breakfast Cereals
Nestle Everyday Dairy Whitener,"Dairy, Bread & Eggs > Milk"
Nutraj Special Cashew W320,"Masala, Dry Fruits & More > Dry Fruits & Seeds"
Prime Tunga Premium Sona Masoori Rice (Raw),"Atta, Rice, Oil & Dals > Rice & Cereals"
Ferrero Rocher Chocolates,Sweet Cravings > Chocolates
Neutrogena Oil Free Facial Moisturizer SPF 15,Bath & Body > Face & Body Creams
"Nandini Pure Ghee,","Atta, Rice, Oil & Dals > Ghee"
Farmley Premium W320 Cashew Farmley Standee Pouch,"Masala, Dry Fruits & More > Dry Fruits & Seeds"
Surf Excel Matic Front Load Detergent Powder,Cleaning Essentials > Laundry Detergents
Fogg Impressio Scent For Men,Hygiene & Grooming > Fragrances & Deos
Daawat Rozana Gold Basmati Rice,"Atta, Rice, Oil & Dals > Rice & Cereals"
Pediasure Premium Chocolate Flavour Powdered Health Drink,"Tea, Coffee & More > Health Drink Mixes"
Whisper Ultra Night Sanitary Pads XL Plus,Hygiene & Grooming > Feminine Hygiene
Nutraj Daily Cashew Nuts Mono,"Masala, Dry Fruits & More > Dry Fruits & Seeds"
Plush Reusable Menstrual Cup - Small,Hygiene & Grooming > Feminine Hygiene
Wagh Bakri Premium Leaf Tea,"Tea, Coffee & More > Tea"
Cadbury Celebrations Rich Dry Fruit Collection,Sweet Cravings > Chocolates
Fortune Rozana Basmati Rice,"Atta, Rice, Oil & Dals > Rice & Cereals"
Fresh wrapp 72 meter Hindalco Aluminium Foil,Home Needs > Tissues & Disposables
Borges Olive Oil Classic,"Atta, Rice, Oil & Dals > Oil"
Goldmedal Logica-4X1 High Grade Surge Protector Spike Guard-2M cable 1 PIECE,Home Needs > Electricals
ELAN Superlara Printed Football Size 5- Assorted,Home Needs > Stationery & Games
boAt Bassheads 122 Wired Earphones With Heavy Bass Integrated Controls And Mic,Home Needs > Electricals
Papacream Icecream - Hazelnut Cold Coffee,Sweet Cravings > Ice Creams
Nestle Everyday Dairy Whitener,"Dairy, Bread & Eggs > Milk"
Blue Tokai Coffee Roasters Attikan Estate - Medium Dark Roast - French Press,"Tea, Coffee & More > Coffee"
TRESemme Keratin Smooth Shampoo,Bath & Body > Shampoo & Conditioner
"Twinings Earl Grey Tea,","Tea, Coffee & More > Tea"
Ariel Matic Top Load Liquid Detergent,Cleaning Essentials > Laundry Detergents
Ariel Matic Front Load Detergent Washing Powder,Cleaning Essentials > Laundry Detergents
"Unibic Multigrain Choco Honey,Dates & 5 Grains",Biscuits > Digestives
Henko Stain Care Powder,Cleaning Essentials > Laundry Detergents
Origami So Soft Tissue Roll 3 Ply,Home Needs > Tissues & Disposables
Lakme Absolute Perfect Radiance Skin Brightening Night Cream,Bath & Body > Face & Body Creams
Cream Bell Black Forest Ice Cream Cake,Sweet Cravings > Ice Creams
Aashirvaad Atta,"Atta, Rice, Oil & Dals > Atta & Other Flours"
Tide Double Power Jasmine Rose Detergent Powder 5 kg (4 + 1 KG Free),Cleaning Essentials > Laundry Detergents
Nutraj Daily California Almond Mono,"Masala, Dry Fruits & More > Dry Fruits & Seeds"
Butlers Mk Choco W Honeycomb Crunch,Munchies > Dry Fruits & Nuts
Popular Essentials Bullet Wada Kolam Rice,"Atta, Rice, Oil & Dals > Rice & Cereals"
"Whiskas Adult (+1 Year) Dry Cat Food, Ocean Fish Flavour",Packaged Food > Pet Food
Surf Excel Matic Top Load Detergent Powder,Cleaning Essentials > Laundry Detergents
India Gate Basmati Rice/Basmati Akki - Rozzana,"Atta, Rice, Oil & Dals > Rice & Cereals"
Dove Deep Moisture Body Wash,Bath & Body > Soaps
Sunsilk Stunning Black Shine Shampoo,Bath & Body > Shampoo & Conditioner
Sebamed Fresh Shower,Bath & Body > Shower Gels
Delight Nuts Dried Blueberries,"Masala, Dry Fruits & More > Dry Fruits & Seeds"
Bagrry's Crunchy Muesli 30% Fruit & Nut with Cranberries | 34% Rich Fibre Oats,Breakfast & Sauces > Breakfast Cereals
Surf Excel Matic Front Load Liquid Detergent,Cleaning Essentials > Laundry Detergents
Comfort After Wash Morning Fresh Fabric Conditioner,Cleaning Essentials > Laundry Detergents
Pillsbury Chakki Fresh Atta,"Atta, Rice, Oil & Dals > Atta & Other Flours"
STARBUCKS COFEE MOCHA,"Tea, Coffee & More > Coffee"
Papacream Icecream - Brownie Batter Crunch,Sweet Cravings > Ice Creams
Gillette Venus Comfort Glide,Hygiene & Grooming > Hair Removal & Make up
Durex Play Lubricant gel Tingling,Health & Baby Care > Sexual Wellness
Durex Play Lubricant Gel Saucy Strawberry,Health & Baby Care > Sexual Wellness
Nescafe Gold Blend Coffee,"Tea, Coffee & More > Coffee"
Ziofit Indian Whole Cashewnuts Buy 1 Get 1 Free,"Masala, Dry Fruits & More > Dry Fruits & Seeds"
Whiskas Kitten (2-12 months) Dry Cat Food Food Ocean Fish,Packaged Food > Pet Food
Ziofit Indian Long Raisins  Buy 1 Get 1 Free,"Masala, Dry Fruits & More > Dry Fruits & Seeds"
Ariel Matic Front Load Liquid Detergent,Cleaning Essentials > Laundry Detergents
Surf Excel Quick Wash,Cleaning Essentials > Laundry Detergents
Shree Akshara Premium Steam Sona Masoori Rice (Polished),"Atta, Rice, Oil & Dals > Rice & Cereals"
Shree Guruji Keshar Sharbat,Cold Drinks & Juices > Instant Drink Mixes
Whiskas Adult (+1 year) Dry Cat Food Food Chicken Flavour,Packaged Food > Pet Food
Shree Guruji Badam Sharbat,Cold Drinks & Juices > Instant Drink Mixes
Papacream Icecream - The Chocolate Influencer,Sweet Cravings > Ice Creams
Conscious Food Coconut Oil Organic Cold Pressed,"Atta, Rice, Oil & Dals > Oil"
Bajaj Almond Drops Hair Oil,Bath & Body > Hair Oil & Serums
Ariel Matic Top Load Detergent Washing Powder,Cleaning Essentials > Laundry Detergents
Indulekha Bhringa Hair Oil,Bath & Body > Hair Oil & Serums
Venkys Chicken Nuggets,Packaged Food > Non Veg - Frozen
Red Bull Energy Drink Pack Of 4,Cold Drinks & Juices > Non-Alco & Energy Drink
Daawat Rozana Super 90 Rice,"Atta, Rice, Oil & Dals > Rice & Cereals"
The Ayurveda Co. Hair Shampoo For Hair Growth With Methi Bhringraj Amla & Hydrolyzed Keratin,Bath & Body > Shampoo & Conditioner
Papacream Icecream - Hazelnut Choco Crispies,Sweet Cravings > Ice Creams
I-activ Menstrual Cup (Large) with Reusable Jute Bag,Hygiene & Grooming > Feminine Hygiene
Pediasure 7 Plus Vanilla Box,"Tea, Coffee & More > Health Drink Mixes"
Cadbury Celebrations Dark Noir Selection,Sweet Cravings > Chocolates
Durex Play Lubricant Gel - Cherry,Health & Baby Care > Sexual Wellness
Baskin Robbins Dutch Chocolate,Sweet Cravings > Ice Creams
Conscious Food Wild Forest Honey Natural & Pure,Breakfast & Sauces > Honey & Spreads
Lindt Choco Cocoa 90 % Dark Supreme Noir Chocolate,Sweet Cravings > Chocolates
Vim Dishwash Liquid Gel Lemon Refill Pouch,Cleaning Essentials > Kitchen Cleaning
Goldmedal Krysta extension cord -5 Meters cable,Home Needs > Electricals
Popular Essentials Tamil Ponni Boiled Rice,"Atta, Rice, Oil & Dals > Rice & Cereals"
"Bagrry's Crunchy Muesli with Almonds, Raisins & Honey (40% Oat Clusters)",Breakfast & Sauces > Breakfast Cereals
Vaseline Advanced Repair,Bath & Body > Hair Colour & Cream
Surf Excel Easy Wash Detergent Powder,Cleaning Essentials > Laundry Detergents
Amul Avsar Kaju Katri,Sweet Cravings > Indian Mithai
Cream Bell Golden Fantasy Ice Cream Cake,Sweet Cravings > Ice Creams
Saffola Gold Refined Cooking Oil (Jar),"Atta, Rice, Oil & Dals > Oil"
Baskin Robbins Alphanso Mango,Sweet Cravings > Ice Creams
Nutraj Cashew Broken (Large Pieces) Pouch,"Masala, Dry Fruits & More > Dry Fruits & Seeds"
GRB Ghee Bottle,"Atta, Rice, Oil & Dals > Ghee"
Taj Mahal Tea,"Tea, Coffee & More > Tea"
Fortune Chakki Fresh Atta,"Atta, Rice, Oil & Dals > Atta & Other Flours"
Dabur 100% Pure Honey - Worlds No.1,Breakfast & Sauces > Honey & Spreads
"3 Roses Natural Care Tea, with 5 Ayurvedic Ingredients","Tea, Coffee & More > Tea"
Keya Cardamom seed Powder,"Masala, Dry Fruits & More > Powders & Pastes"
Chuk baggase meal plate-12 inch,Home Needs > Tissues & Disposables
Plush Rash Free Sanitary Pads(16L+14XL),Hygiene & Grooming > Feminine Hygiene
Surf Excel Matic Liquid Detergent Top Load Pouch,Cleaning Essentials > Laundry Detergents
Softouch French Perfume,Cleaning Essentials > Laundry Detergents
India Gate Basmati Rice Mogra,"Atta, Rice, Oil & Dals > Rice & Cereals"
Daawat Sehat Mogra Rice,"Atta, Rice, Oil & Dals > Rice & Cereals"
Henko Matic Front Load Detergent,Cleaning Essentials > Laundry Detergents
Pampers Pampers New Diapers Pants Medium,Health & Baby Care > Diapers & Wipes
Lizol Disinfectant Surface & Floor Cleaner Liquid Citrus,Cleaning Essentials > Household Cleaners
boAt Bassheads 110 Wired Earphone With Mic,Home Needs > Electricals
Head & Shoulders 2 In 1 Anti Dandruff Smooth & Silky Shampoo+Conditioner,Bath & Body > Shampoo & Conditioner
Pampers Diaper Pants Small Diapers,Health & Baby Care > Diapers & Wipes
Pampers Diaper Pants - XL,Health & Baby Care > Diapers & Wipes
Amulya Dairy Whitener,"Dairy, Bread & Eggs > Milk"
Gillette Pro Shaving Gel Aqua Hydrating With Shea Butter,Hygiene & Grooming > Men's Grooming
Olay Natural Aura Glowing Radiance Cream,Bath & Body > Face & Body Creams
Mamy Poko Pants Extra Absorb Diapers M,Health & Baby Care > Diapers & Wipes
Nuttero Strawberry Dry Fruit,Fruits & Vegetables > Dried & Dehydrated Fruits
Open Secret Dark Choco Almond Chocolate Bars,Sweet Cravings > Chocolates
Durex Invisible Super Ultra Thin Condoms for Men,Health & Baby Care > Sexual Wellness
Popular Essentials Pista Salted (With Shell),"Masala, Dry Fruits & More > Dry Fruits & Seeds"
Ziofit Californian Almonds Buy 1 Get 1 Free,"Masala, Dry Fruits & More > Dry Fruits & Seeds"
Dabur Chyawanprash Awaleha,Health & Baby Care > Vitamins & Digestive care
All Out Ultra Refills,Cleaning Essentials > Repellents
Popular Essentials Classic Sona Masuri Rice,"Atta, Rice, Oil & Dals > Rice & Cereals"
Bagrry's Whey Protein Chocolate Muesli with Almonds ( 100% Whole Oats),Breakfast & Sauces > Breakfast Cereals
Henko Matic Top Load Detergent,Cleaning Essentials > Laundry Detergents
Popular Essentials HMT Kolam Steam,"Atta, Rice, Oil & Dals > Rice & Cereals"
Amul Cheese Slices,"Dairy, Bread & Eggs > Butter & Cheese"
Dove Cream Beauty Bar - Soft Smooth Moisturised Skin,Bath & Body > Soaps
Tresemme Keratin Smooth Conditioner,Bath & Body > Shampoo & Conditioner
Blue Tokai Easy Pour (Light to Dark Roast),"Tea, Coffee & More > Coffee"
I-activ Menstrual Cup (Small) with Reusable Jute Bag,Hygiene & Grooming > Feminine Hygiene
Mamaearth Onion Hair Oil,Bath & Body > Hair Oil & Serums
Gillette Mach 3 Shaving Razor + 1 Shaving Blade (Cartridge),Hygiene & Grooming > Men's Grooming
Baskin Robbins Mississippi Mud Ice Cream,Sweet Cravings > Ice Creams
Livon Serum For Dry & Rough Hair For 24 Hour Frizz-Free Smoothness,Bath & Body > Hair Oil & Serums
Baskin Robbins Gold Medal Ribbon Ice Cream,Sweet Cravings > Ice Creams
Cadbury Celebrations Premium Assorted Chocolate Gift Pack,Sweet Cravings > Chocolates
Godrej Yummiez Nuggets - Chicken,Packaged Food > Non Veg - Frozen
Nestle Lactogen Stage 1 Infant Formula,Packaged Food > Baby Food
Vansaar Ashwagandha Ginger Juice Ayurvedic Formulation To Reduces Stress & Nxiety Helps Aid Sound Sleep,Health & Baby Care > Vitamins & Digestive care
Brooke Bond 3 Roses Dust Tea,"Tea, Coffee & More > Tea"
Boost Nutrition Drink - Health Energy & Sports,"Tea, Coffee & More > Health Drink Mixes"
Ariel Matic Top Load Liquid Detergent,Cleaning Essentials > Laundry Detergents
Lindt Chocolate - Excellence Bar Sea Salt,Sweet Cravings > Chocolates
Lindt Excellence 85 % Cocoa Robust Dark Chocolate,Sweet Cravings > Chocolates
Neutrogena Hydro Boost Water Gel Blue,Bath & Body > Face & Body Creams
Lindt Excellence 70 % Cocoa Dark Chocolate,Sweet Cravings > Chocolates
Popular Essentials Super Sona Masuri Raw Rice,"Atta, Rice, Oil & Dals > Rice & Cereals"
Plush 5-Blade Body Razor with Lubricating Strip,Hygiene & Grooming > Hair Removal & Make up
Baskin Robbins Honey Nut Crunch  Ice Cream,Sweet Cravings > Ice Creams
Organic India Wheat Grass,Health & Baby Care > Vitamins & Digestive care
Baskin Robbins Premium Black Currant Ice Cream,Sweet Cravings > Ice Creams
Rin Detergent Powder,Cleaning Essentials > Laundry Detergents
Baskin-Robbins Ice Cream - Cotton Candy,Sweet Cravings > Ice Creams
Regency Dry Apricots (Jardalu),"Masala, Dry Fruits & More > Dry Fruits & Seeds"
Tata Tea Chakra Gold,"Tea, Coffee & More > Tea"
Ariel Complete Detergent Washing Powder 1 kg + 500 g Free,Cleaning Essentials > Laundry Detergents
India Kings Gold Cigarette,Paan Corner > Cigarettes
Plush Foldable Face Razor,Hygiene & Grooming > Hair Removal & Make up
Nestle Lactogen Stage 2 Follow-up Formula Powder,Packaged Food > Baby Food
Horlicks Health & Nutrition Classic Malt 750g Refill Pack,"Tea, Coffee & More > Health Drink Mixes"
Lizol All In1 Disinfectant Surface Cleaner Citrus,Cleaning Essentials > Household Cleaners
Oye Happy - Tiny Love Magnets,Home Needs > Home Utility
Borges Canola Oil Pet Bottle,"Atta, Rice, Oil & Dals > Oil"
boAt Aux500 1.5 M Aux Cable (Black One Cable),Home Needs > Electricals
boAt A400-1M 1 M Usb Type C Cable (Compatible With Type C Port Grey),Home Needs > Electricals
Lizol Disinfectant Surface & Floor Cleaner Liquid Floral,Cleaning Essentials > Household Cleaners
V Wash Plus Expert Intimate Hygiene,Hygiene & Grooming > Feminine Hygiene
Levista Strong Instant Coffee,"Tea, Coffee & More > Coffee"
Saffola Masala Oats Veggie Twist,Breakfast & Sauces > Breakfast Cereals
Scotch Brite Sponge Wipe,Home Needs > Cleaning Aids
Saffola Honey – 100% Pure,Breakfast & Sauces > Honey & Spreads
Mapro Blueberry Crush,Cold Drinks & Juices > Instant Drink Mixes
Hit Cockroach Killer Spray,Cleaning Essentials > Repellents
Borges Extra Virgin Olive Oil,"Atta, Rice, Oil & Dals > Oil"
Whisper Sanitary Pads - XL+ Wings Ultra Overnight,Hygiene & Grooming > Feminine Hygiene
Whisper Sanitary Pads - XL+ Wings Ultra Overnight,Hygiene & Grooming > Feminine Hygiene
Cadbury Celebrations Silk Special Edition,Sweet Cravings > Chocolates
Delight Nuts Almond Natural,"Masala, Dry Fruits & More > Dry Fruits & Seeds"
Lakme 9 to 5 Complexion Care Face Cream Bronze,Bath & Body > Face & Body Creams
Nuttero Apricot Dry Fruit,Fruits & Vegetables > Dried & Dehydrated Fruits
Baskin-Robbins Very Berry Strawberry Mega Saver Pack,Sweet Cravings > Ice Creams
Mamy Poko Pant Extra Absorb Diapers XXL,Health & Baby Care > Diapers & Wipes
Kellogg's No Added Sugar Muesli,Breakfast & Sauces > Breakfast Cereals
Popular Essentials Sona Masoori Steam Rice,"Atta, Rice, Oil & Dals > Rice & Cereals"
Bombay Shaving Company Defender For Her Razor For Women,Hygiene & Grooming > Hair Removal & Make up
Noto Vegan Mango & Raspberry,Sweet Cravings > Ice Creams
Complan Nutrition and Health Drink Royale Chocolate (Carton),"Tea, Coffee & More > Health Drink Mixes"
Ferrero Nutella Hazeulnut Spread,Breakfast & Sauces > Honey & Spreads
Popular Essentials Rozana Sona Masuri Raw Rice,"Atta, Rice, Oil & Dals > Rice & Cereals"
Nivea Body Lotion Aloe Hydration For Normal Skin,Bath & Body > Face & Body Creams
Conscious Food Sesame Oil Organic Cold Pressed,"Atta, Rice, Oil & Dals > Oil"
Farmley California Extra Light Halves Walnut Kernels Farmley Monocarton,"Masala, Dry Fruits & More > Dry Fruits & Seeds"
Nescafe Sunrise Instant Coffee,"Tea, Coffee & More > Coffee"
Kapiva Wild Giloy Juice,Health & Baby Care > Vitamins & Digestive care
Olay Luminous Whip,Bath & Body > Face & Body Creams
Nutraj Gold Almond Kernels Pouch,"Masala, Dry Fruits & More > Dry Fruits & Seeds"
The Brooklyn Creamery Vegan Acai Berry Banana,Sweet Cravings > Ice Creams
Papacream Icecream -  Strawberry Cheesecake,Sweet Cravings > Ice Creams
Happilo Premium Californian Roasted and Salted Pistachios,Munchies > Dry Fruits & Nuts
Happilo Premium Afghani Anjeer,"Masala, Dry Fruits & More > Dry Fruits & Seeds"
Happilo Premium Toasted and Salted Cashews,"Masala, Dry Fruits & More > Dry Fruits & Seeds"
BRU Instant Coffee,"Tea, Coffee & More > Coffee"
Harpic Disinfectant Toilet Cleaner Liquid Original,Cleaning Essentials > Household Cleaners
Whisper Ultra Clean XL+ Sanitary Pad,Hygiene & Grooming > Feminine Hygiene
MamyPoko Pants Standard Diapers Large,Health & Baby Care > Diapers & Wipes
So Soft Tissue Roll 4 in1 340 Pulls,Home Needs > Tissues & Disposables
Sofy AntiBacteria Extra Long Sanitary Pads,Hygiene & Grooming > Feminine Hygiene
Dettol Antiseptic Liquid,Health & Baby Care > Wound Care & Pain
Kellogg's Chocos,Breakfast & Sauces > Breakfast Cereals
Marlboro Gold Light,Paan Corner > Cigarettes
TGFC Basa Fillets,"Meats, Fish & Eggs > Fish & Sea Food"
Bagrry's Crunchy No Added Sugar 0% Diet Muesli with High Fibre|100% Vegan & Plant Based,Breakfast & Sauces > Breakfast Cereals
Classic Balanced Taste Cigarette (Classic Mild),Paan Corner > Cigarettes
Marlboro Red,Paan Corner > Cigarettes
Gold Flake King Blue Cigarette,Paan Corner > Cigarettes
Classic Refined Taste Cigarette (Ultra Mild),Paan Corner > Cigarettes
Classic Low Smell Cigarette,Paan Corner > Cigarettes
WOW Life Science Organic Apple Cider Vinegar,Health & Baby Care > Vitamins & Digestive care
Kelloggs Muesli - With 22% Fruit Magic,Breakfast & Sauces > Breakfast Cereals
Marlboro Gold Advanced,Paan Corner > Cigarettes
Red Label Natural Care Tea,"Tea, Coffee & More > Tea"
Classic Ice Burst Cigarette,Paan Corner > Cigarettes
Classic Rich Taste Cigarette (Classic Regular ),Paan Corner > Cigarettes
Disposable Masks,"Health & Baby Care > Cough, Cold & Covid Essentials"
Gold Flake Kings Red Cigarette,Paan Corner > Cigarettes
Classic Double Burst Cigarette,Paan Corner > Cigarettes
Marlboro Fuse Beyond Double Switch,Paan Corner > Cigarettes
B&H Gold Cigarette,Paan Corner > Cigarettes
boAt Micro Usb Rugged V3 Black 1.5 M Reversible Micro Usb ( Black One Cable),Home Needs > Electricals
"MamyPoko Pants Extra Absorb Diapers, New Born",Health & Baby Care > Diapers & Wipes
NESCAFÉ Classic Instant Coffee Dawn Jar,"Tea, Coffee & More > Coffee"
Lindt Swiss Classic Milk Chocolate,Sweet Cravings > Chocolates
Lakme Peach Milk Moisturizer Body Lotion,Bath & Body > Face & Body Creams
Venkys Chicken Sausages,Packaged Food > Non Veg - Frozen
Pedigree Puppy Dry Dog Food Food Chicken & Milk,Packaged Food > Pet Food
Tri-Activ Disinfectant Floor Cleaner Citrus Fragrance,Cleaning Essentials > Household Cleaners
Maybelline New York Colossal Kajal Super Black,Hygiene & Grooming > Hair Removal & Make up
Farmley Elations Gift Potli Pack 450 gms - Premium Cashew 250 gms & Premium Raisins 200 gms,"Masala, Dry Fruits & More > Dry Fruits & Seeds"
Lindt Swiss Classic Milk Chocolate Hazelnut,Sweet Cravings > Chocolates
Nutraj California Walnut Kernels,"Masala, Dry Fruits & More > Dry Fruits & Seeds"
Durex Condoms Mutual Climax,Health & Baby Care > Sexual Wellness
The Brooklyn Creamery Vegan Chocolate Therapy Ice Cream,Sweet Cravings > Ice Creams
Dettol Original Soap,Bath & Body > Soaps
Plush Preg-Oh! Pregnancy Kit Midstream,Hygiene & Grooming > Feminine Hygiene
Tetley Long Leaf Green Tea,"Tea, Coffee & More > Tea"
Pediasure Chocolate Mri Box,"Tea, Coffee & More > Health Drink Mixes"
Ensure Vanila Box - J,"Tea, Coffee & More > Health Drink Mixes"
Pampers Premium Care Pants Diapers Large,Health & Baby Care > Diapers & Wipes
Mr. White Detergent Powder - 2X Active Power - 3 Kg Get 1 Kg free,Cleaning Essentials > Laundry Detergents
Pantai Pad Thai Sauce (Non-Veg),Breakfast & Sauces > Ketchup & Sauces
Nivea Soft Light Moisturizer for Face Hand & Body Non-Sticky Cream with Vitamin E & Jojoba Oil,Bath & Body > Face & Body Creams
Safewash Liquidd Detergent,Cleaning Essentials > Laundry Detergents
Bagrry's Fruit & Fibre Mixed Fruit Muesli With Almonds & Raisins (Goodness Of Realfruit),Breakfast & Sauces > Breakfast Cereals
Kelloggs Chocos Moon & Stars,Breakfast & Sauces > Breakfast Cereals
Yoga Bar Protein Muesli,Breakfast & Sauces > Breakfast Cereals
Aashirvaad Atta With Multigrains,"Atta, Rice, Oil & Dals > Atta & Other Flours"
"New Kellogg's Muesli with 21% Fruit, Nut & Seeds",Breakfast & Sauces > Breakfast Cereals
Livon Anti-Frizz Serum,Bath & Body > Hair Oil & Serums
L'Oreal Paris Total Repair 5 Shampoo,Bath & Body > Shampoo & Conditioner
Pond's Dreamflower Fragrant Talcum Powder Pink Lily,Hygiene & Grooming > Fragrances & Deos
KLF Nirmal Tilnad Gingelly Til Edible Oil,"Atta, Rice, Oil & Dals > Oil"
Bagrry's Choco Delight Muesli With Almonds & Raisins (All Natural),Breakfast & Sauces > Breakfast Cereals
Stayfree Advanced All Night Sanitary Napkins - (Extra Large),Hygiene & Grooming > Feminine Hygiene
Bagrry's Crunchy Muesli 30% Fruit & Nut with Cranberries | 34% Rich Fibre Oats,Breakfast & Sauces > Breakfast Cereals
MuscleBlaze Protein Oats with Added Probiotic Dark Chocolate,Breakfast & Sauces > Breakfast Cereals
Dettol Skincare Germ Protection Bathing Soap bar,Bath & Body > Soaps
Dettol Intense Cool Soap (B4G1),Bath & Body > Soaps
CookieMan Nutty Cookies,Biscuits > Cookies
Dove Daily Shine Shampoo,Bath & Body > Shampoo & Conditioner
Happilo Premium International Super Mix Berries,"Masala, Dry Fruits & More > Dry Fruits & Seeds"
Nivea Soft Moisturizing Cream,Bath & Body > Face & Body Creams
Pedigree Adult Dry Dog Food Food Chicken & Vegetables,Packaged Food > Pet Food
Buffet Foods Breaded Fish Fillet,Packaged Food > Non Veg - Frozen
Milky Mist Shredded Mozzarella Cheese,"Dairy, Bread & Eggs > Butter & Cheese"
Pond's Light Moisturiser,Bath & Body > Face & Body Creams
The Brooklyn Creamery Sea Salt Caramel Ice Cream,Sweet Cravings > Ice Creams
Yoga Bar Breakfast Muesli - Chocolate & Cranberry,Breakfast & Sauces > Breakfast Cereals
Ariel Matic Detergent Washing Powder - Front Load,Cleaning Essentials > Laundry Detergents
Nua Cramp Comfort Heat Patches For Period Pain,Health & Baby Care > Wound Care & Pain
Yoga Bar Breakfast Muesli - Almond Caramel (No Added Sugar),Breakfast & Sauces > Breakfast Cereals
Fiama Gel Bar Celebration Pack Buy 4 Get 1 Free,Bath & Body > Soaps
Pampers Premium Cotton Like Soft Diapers with Wetness Indicator S,Health & Baby Care > Diapers & Wipes
Pears Moisturising Bathing Bar Soap with Glycerine Pure & Gentle - For Golden Glow,Bath & Body > Soaps
Pampers Premium Pants Cotton Like Soft Diapers with Wetness Indicator Premium Care M,Health & Baby Care > Diapers & Wipes
Sebamed Baby Diaper Rash Cream,Health & Baby Care > Baby Bath & Skin
Pillsbury Atta With Multigrains Wheat Grains,"Atta, Rice, Oil & Dals > Atta & Other Flours"
Raw Pressery Coconut Water Multipack,Cold Drinks & Juices > Fruit Juices & Drinks
Bru Instant Pure Coffee Jar 100g,"Tea, Coffee & More > Coffee"
Daawat Sehat Mini Mogra Rice,"Atta, Rice, Oil & Dals > Rice & Cereals"
Aashirvaad Nature's Super Foods Organic Atta,"Atta, Rice, Oil & Dals > Atta & Other Flours"
Kellogg's Muesli 20% Nuts Delight,Breakfast & Sauces > Breakfast Cereals
Dove Dandruff Care Shampoo,Bath & Body > Shampoo & Conditioner
Venky's Chicken & Cheese Nuggets,Packaged Food > Non Veg - Frozen
Pantene Advanced Hair Fall Solution Shampoo - Total Damage Care,Bath & Body > Shampoo & Conditioner
Venkys Chicken Seekh Kabab,Packaged Food > Non Veg - Frozen
Aashirwad Select Sharbati Atta,"Atta, Rice, Oil & Dals > Atta & Other Flours"
McCain Smiles Cripsy Happy Potatoes,Packaged Food > Veg - Frozen
Bajaj Almond Drops Hair Oil,Bath & Body > Hair Oil & Serums
Bournvita Chocolate Health Drink,"Tea, Coffee & More > Health Drink Mixes"
Bikaji Bikaneri Bhujia,Munchies > Namkeens
Genteel Liquid Detegrent,Cleaning Essentials > Laundry Detergents
Origami Kitchen Towels 4 in 1 60 Pulls 2 Ply,Home Needs > Tissues & Disposables
Wow Skin Science Onion Red Seed Oil Shampoo,Bath & Body > Shampoo & Conditioner
Heritage Buffalo Ghee Special Grade with Milk Fat,"Atta, Rice, Oil & Dals > Ghee"
Heritage Cow Ghee Jar,"Atta, Rice, Oil & Dals > Ghee"
Heritage Cow Ghee,"Atta, Rice, Oil & Dals > Ghee"
Nutraj Panchmeva Mix Dried Fruits,"Masala, Dry Fruits & More > Dry Fruits & Seeds"
Farmley Premium W320 Cashew Farmley Vacuum Standee Pouch,"Masala, Dry Fruits & More > Dry Fruits & Seeds"
Farmley Premium California Roasted & Salted Pistachios Farmley Standee Pouch,"Masala, Dry Fruits & More > Dry Fruits & Seeds"
Popular Essentials Cashew Whole,"Masala, Dry Fruits & More > Dry Fruits & Seeds"
Godrej Yummiez Chicken Nuggets,Packaged Food > Non Veg - Frozen
Nandini Dairy Whitener,"Dairy, Bread & Eggs > Milk"
Cupid Angel Female Condoms - Set of 3,Health & Baby Care > Sexual Wellness
Classic Connect Cigarette,Paan Corner > Cigarettes
Pril Dishwash Liquid - Lime - Removes Tough Grease With Ease,Cleaning Essentials > Kitchen Cleaning
Pond's Super Light Gel Moisturiser,Bath & Body > Face & Body Creams
"Zandu Chavanprashad with Amla, Ashwagandha & Shilajit Sugarfree",Health & Baby Care > Vitamins & Digestive care
Cothas Speciality Blend Coffee,"Tea, Coffee & More > Coffee"
Havmor Dry Fruit Malai Ice Cream Tub,Sweet Cravings > Ice Creams
Olay Face Wash Total Effects 7 in 1 Exfoliating Cleanser,Bath & Body > Face Wash & Packs
Prasuma Spicy Chicken Momos,Packaged Food > Non Veg - Frozen
Bagrry's Corn Flakes Plus - Original & Healthier (With 2X Fibre),Breakfast & Sauces > Breakfast Cereals
Prasuma Momos Original Chicken,Packaged Food > Non Veg - Frozen
Goldmedal G:Dial extension cord -5 Meters Cable,Home Needs > Electricals
Soulflower Back & Neck Pain Relief Oil,Health & Baby Care > Wound Care & Pain
Prasuma Momos -  Cheesy Spicy Veg,Packaged Food > Veg - Frozen
Jumbo Colouring Books (Pack of 4),Home Needs > Stationery & Games
Jags Mosquito Racquet,Home Needs > Electricals
Nivea Soft Light Moisturising Cream For Face Body & Hands,Bath & Body > Face & Body Creams
Nuttero Medjool Dates,Fruits & Vegetables > Dried & Dehydrated Fruits
Soulfull Millet Muesli Fruit & Nut Almonds & Real Fruits,Breakfast & Sauces > Breakfast Cereals
Mamaearth Aloe Vera Gel For Face,Bath & Body > Face Wash & Packs
Soulflower Onion Herbal Hair Growth Oil,Bath & Body > Hair Oil & Serums
Borges Durum Wheat Fusilli Pasta,Packaged Food > Pasta & Soups
Shakaharry Jlm Keema Plant Based & Vegan,Packaged Food > Veg - Frozen
The Ayurveda Co. Neem Soap For Men & Women For Skin Whitening With Tea Tree And Tulsi For Winter Season Sulphate And Paraben,Bath & Body > Soaps
Little's Organix Baby Shampoo,Health & Baby Care > Baby Bath & Skin
NIC Natural Ice Cream - Dry Fruit Overload,Sweet Cravings > Ice Creams
Nestle Cerelac Baby Cereal with Milk 5 Grains & Vegetables from 18 to 24 Month,Packaged Food > Baby Food
Stayfree Dry Max All Night Ultra Dry Napkins (Extra Large),Hygiene & Grooming > Feminine Hygiene
Mamaearth Tea Tree Anti Dandruff Shampoo,Bath & Body > Shampoo & Conditioner
Popular Essentials Refined Sugar,"Masala, Dry Fruits & More > Salt, Sugar & Jaggery"
Dabur 100% Pure Honey,Breakfast & Sauces > Honey & Spreads
Mamaearth Onion Hair Fall Shampoo,Bath & Body > Shampoo & Conditioner
Noto Vegan Dark Chocolate,Sweet Cravings > Ice Creams
Baskin Robbins Three Cheers Chocolate Ice Cream,Sweet Cravings > Ice Creams
Baskin Robbins Classic Vanilla Ice Cream,Sweet Cravings > Ice Creams
"WOW Skin Science Apple Cider Vinegar Foaming Face Wash - No Parabens, Sulphate & Silicones",Bath & Body > Face Wash & Packs
Venky's Chicken Nuggets,Packaged Food > Non Veg - Frozen
Shree Akshara Premium Sona Masoori Rice (Raw),"Atta, Rice, Oil & Dals > Rice & Cereals"
Sumeru Wassup Chicken Nuggets,Packaged Food > Non Veg - Frozen
Everest Shahi Biryani Masala,"Masala, Dry Fruits & More > Powders & Pastes"
Shree Akshara Premium Ponni Rice (Raw),"Atta, Rice, Oil & Dals > Rice & Cereals"
Safe Harvest Whole Wheat Atta,"Atta, Rice, Oil & Dals > Atta & Other Flours"
ITC Master Chef Chicken Seekh Kabab,Packaged Food > Non Veg - Frozen
Nestle Koko Krunch Breakfast Cereal,Breakfast & Sauces > Breakfast Cereals
Milky Mist Cooking Butter - Unsalted,"Dairy, Bread & Eggs > Butter & Cheese"
Godrej Yummiez Chicken Punjabi Tikka,Packaged Food > Non Veg - Frozen
Farmley Dried Anjeer,"Masala, Dry Fruits & More > Dry Fruits & Seeds"
Wagh Bakri Premium Leaf Tea Carton Pack,"Tea, Coffee & More > Tea"
Kellogg's Real Honey Corn Flakes,Breakfast & Sauces > Breakfast Cereals
Farmley Premium California Almonds Farmley Center Seal Pouch,"Masala, Dry Fruits & More > Dry Fruits & Seeds"
Go Cheese Slice Plain,"Dairy, Bread & Eggs > Butter & Cheese"
Venky's Spicy And Crispy Chicken Wings,Packaged Food > Non Veg - Frozen
Licious Chicken Boneless Cubes,"Meats, Fish & Eggs > Chicken & Mutton"
24 Mantra Organic Whole Wheat Atta,"Atta, Rice, Oil & Dals > Atta & Other Flours"
Aashirvaad Superior MP Atta,"Atta, Rice, Oil & Dals > Atta & Other Flours"
Popular Essentials Cashew Split,"Masala, Dry Fruits & More > Dry Fruits & Seeds"
Happilo Premium 100% Natural Whole Cashews,"Masala, Dry Fruits & More > Dry Fruits & Seeds"
Venkys Chicken Fingers,Packaged Food > Non Veg - Frozen
Happilo Premium Californian Roasted and Salted Almonds,"Masala, Dry Fruits & More > Dry Fruits & Seeds"
Karachi Bakery Double Delight - Osmania & Fruit Biscuits,Biscuits > Cookies
Sugarfree Natura Low Calorie Sweetener - 500 Pellets,"Masala, Dry Fruits & More > Salt, Sugar & Jaggery"
"Nivea Creme, All Season Multi-Purpose Cream",Bath & Body > Face & Body Creams
Sumeru Wassup Chicken Sausages Naturally Smoked,Packaged Food > Non Veg - Frozen
Pedigree Adult Dry Dog Food Food Meat & Rice,Packaged Food > Pet Food
Ariel Matic Top Load Detergent Washing Powder,Cleaning Essentials > Laundry Detergents
McCain French - Fries,Packaged Food > Veg - Frozen
Kellogg's Almonds And Cranberries Granola,Breakfast & Sauces > Breakfast Cereals
Ambi Pur Car Freshener Gel - Relaxing Lavender,Cleaning Essentials > Fresheners
ITC Master Chef Crunchy Chicken Nuggets,Packaged Food > Non Veg - Frozen
Head & Shoulders Anti-Dandruff Smooth & Silky Shampoo,Bath & Body > Shampoo & Conditioner
Dove Hair Fall Rescue Shampoo,Bath & Body > Shampoo & Conditioner
Head & Shoulders Anti Dandruff Shampoo Cool Menthol,Bath & Body > Shampoo & Conditioner
Sumeru Chicken Garlic Sausages,Packaged Food > Non Veg - Frozen
Raw Pressery Fresh Juice - Valencia Orange,Cold Drinks & Juices > Fruit Juices & Drinks
Brooke Bond Red Label,"Tea, Coffee & More > Tea"
Hershey's Cocoa Spread,Breakfast & Sauces > Honey & Spreads
Hershey's Cocoa + Almond Spread,Breakfast & Sauces > Honey & Spreads
CookieMan Almond Fingers,Biscuits > Cookies
Pee Safe Menstrual Cup - Large,Hygiene & Grooming > Feminine Hygiene
Tide Plus Extra Power Lemon & Mint Detergent Powder,Cleaning Essentials > Laundry Detergents
Tide Double Power Lemon & Mint Detergent Powder,Cleaning Essentials > Laundry Detergents
Sleepy Owl Coffee Assorted Cold Brew Packs | Set of 5 Packs - Makes 15 Cups,"Tea, Coffee & More > Coffee"
Kwality Wall's Oreo And Cream Tub,Sweet Cravings > Ice Creams
Pitambari Shining Powder,Cleaning Essentials > Kitchen Cleaning
Surf Excel Matic Front Load Detergent Powder,Cleaning Essentials > Laundry Detergents
Pee Safe Menstrual Cup - Small,Hygiene & Grooming > Feminine Hygiene
Parachute Advansed Onion Hair Oil Hair Growth Oil Controls Hairfall,Bath & Body > Shampoo & Conditioner
Nescafe Gold Blend (Jar),"Tea, Coffee & More > Coffee"
Mortein Dual All Insect Killer Spray,Cleaning Essentials > Repellents
Nandini Ghee Jar,"Atta, Rice, Oil & Dals > Ghee"
Tide Detergent Washing Powder - Extra Power Jasmine & Rose,Cleaning Essentials > Laundry Detergents
Rage Coffee Dark Chocolate Flavour - Premium Arabica Instant Coffee,"Tea, Coffee & More > Coffee"
Nua Foaming Intimate Wash With Aloe Vera + Lactic Acid,Hygiene & Grooming > Feminine Hygiene
Stainless Stee Papad  & Roti Roaster,Home Needs > Kitchen Utility
Rage Coffee South Indian Filter Coffee Powder - Freshly Roasted & Ground - Smooth Delicious & Aromatic Hot or Cold Coffee,"Tea, Coffee & More > Coffee"
Rage Coffee Irish Hazelnut Flavour - Premium Arabica Instant Coffee,"Tea, Coffee & More > Coffee"
Betty Crocker Chocolate Fudge Cake Mix,Packaged Food > Baking Mixes & Ingredients
Popular Essentials Idli Rice,"Atta, Rice, Oil & Dals > Rice & Cereals"
Farmley Premium Fard Dates Farmley Tray,"Masala, Dry Fruits & More > Dry Fruits & Seeds"
Wow Skin Science Brightening Vitamin C Foaming Face Wash With Built-In Face Brush For Deep Cleansing - No Parabens Sulphate Silicones & Color,Bath & Body > Face Wash & Packs
Eggoz Farm Fresh High Protein White Eggs,"Dairy, Bread & Eggs > Eggs"
Havmor Signature Nutty Belgian Dark Chocolate Ice Cream Tub,Sweet Cravings > Ice Creams
Origami Plain Plates,Home Needs > Tissues & Disposables
Quaker Oats Pouch,Breakfast & Sauces > Breakfast Cereals
Origami Paper Plates,Home Needs > Tissues & Disposables
Blueberries Imported,Fruits & Vegetables > Exotic Fruits & Veggies
MTR Instant Badam Drink Mix,"Tea, Coffee & More > Health Drink Mixes"
ITC Master Chef Crunchy Chicken Nuggets,Packaged Food > Non Veg - Frozen
Garnier - Oil Clear Facewash,Bath & Body > Face Wash & Packs
Garnier - Acnofight Facewash,Bath & Body > Face Wash & Packs
Garnier Men Turbo Bright Anti-Pollution Double Action Face Wash,Bath & Body > Face Wash & Packs
"Happilo Premium Pumpkin Seeds, All Natural","Masala, Dry Fruits & More > Dry Fruits & Seeds"
ITC Master Chef Crunchy Chicken Nugget,Packaged Food > Non Veg - Frozen
Shubhkart Surabhi Pure Bhimseni Camphor,Home Needs > Pooja Needs
Whisper Ultra Nights Sanitary Pads XXXL Wings,Hygiene & Grooming > Feminine Hygiene
Godrej Real Good Chicken Breast Boneless,"Meats, Fish & Eggs > Chicken & Mutton"
Kapiva Digesti Care Juice,Health & Baby Care > Vitamins & Digestive care
Organic India Turmeric Bottle,Health & Baby Care > Vitamins & Digestive care
Nestle Nutty Granola Breakfast Cereal Gold,Breakfast & Sauces > Breakfast Cereals
Open Secret Nutty Cashew Cream & Onion,"Masala, Dry Fruits & More > Dry Fruits & Seeds"
Nestle Cerelac 5 Grains & Fruits Cereal,Packaged Food > Baby Food
Amul Pure Ghee/Tuppa/Tetrapack,"Atta, Rice, Oil & Dals > Ghee"
Prasuma Vegetable and Paneer Momos,Packaged Food > Veg - Frozen
Complan Nutrition and Health Drink Royale Chocolate (Carton),"Tea, Coffee & More > Health Drink Mixes"
Kama Sutra Ultra Dotted Condoms,Health & Baby Care > Sexual Wellness
True Elements Fruit and Nuts Muesli,Breakfast & Sauces > Breakfast Cereals
Bikano Navratan Mixture,Munchies > Namkeens
"Finish Dishwasher Rinse Aid, Shine & Dry",Cleaning Essentials > Kitchen Cleaning
Gillette Venus Simply Venus Pink Hair Removal for Women,Hygiene & Grooming > Hair Removal & Make up
Bikano Aloo Bhujia,Munchies > Namkeens
Bikano Bikaneri Bhujia,Munchies > Namkeens
Origami Good Karma Toilet Roll,Home Needs > Tissues & Disposables
Sugarfree Gold Low Calorie Sweetener,"Masala, Dry Fruits & More > Salt, Sugar & Jaggery"
Whisper Ultra Soft Air Fresh Sanitary Pads (Xl) With Wings,Hygiene & Grooming > Feminine Hygiene
Old Spice After Shave Lotion Atomizer,Hygiene & Grooming > Men's Grooming
MuscleBlaze High Protein Natural Peanut Butter Crunchy Delight,Breakfast & Sauces > Honey & Spreads
Venkys Chicken Pops,Packaged Food > Non Veg - Frozen
Pond's Pure Detox Anti-Pollution Purity Face Wash With Activated Charcoal,Bath & Body > Face Wash & Packs
Coco Mama Coconut Water,Cold Drinks & Juices > Milk Drinks
Mortein Mosquito Repellent Refills,Cleaning Essentials > Repellents
Godrej Yummiez Chicken Breakfast Sausage,Packaged Food > Non Veg - Frozen
Madhur Pure Sugar,"Masala, Dry Fruits & More > Salt, Sugar & Jaggery"
Pillsbury Atta/Godihittu - Chakki Fresh,"Atta, Rice, Oil & Dals > Atta & Other Flours"
Horlicks Classic Malt Powdered Health Drink (Jar),"Tea, Coffee & More > Health Drink Mixes"
Soulflower Cleansing Sandalwood Soap,Bath & Body > Soaps
TRESemme Hair Fall Defense Shampoo,Bath & Body > Shampoo & Conditioner
Dove Cream Beauty Bathing Bar,Bath & Body > Soaps
Bournvita Chocolate Health Drink - 5 Star Magic,"Tea, Coffee & More > Health Drink Mixes"
Popular Essentials Californian Almond,"Masala, Dry Fruits & More > Dry Fruits & Seeds"
Ambi pur Air Effect Air Freshener - Lavender Bouquet,Cleaning Essentials > Fresheners
Vicks Vaporub,"Health & Baby Care > Cough, Cold & Covid Essentials"
Boost Health Energy & Sports Nutrition Drink ( Jar ),"Tea, Coffee & More > Health Drink Mixes"
Bikaji Gol-M-Gol(Gulabjamun),Sweet Cravings > Indian Mithai
Milky Mist Paneer Pouch,"Dairy, Bread & Eggs > Paneer & Cream"
Amul Rajbhog Ice Cream,Sweet Cravings > Ice Creams
Kelloggs Corn Flakes With Real Strawberry Pure,Breakfast & Sauces > Breakfast Cereals
Himalaya Baby Lotion,Health & Baby Care > Baby Bath & Skin
Wagh Bakri Premium Leaf Tea,"Tea, Coffee & More > Tea"
Shree Akshara Premium Tamil Ponni Boiled Rice,"Atta, Rice, Oil & Dals > Rice & Cereals"
Sleepy Owl Original Brew Packs - Set of 5,"Tea, Coffee & More > Coffee"
Shree Akshara Premium Sona Masoori Rice (Boiled),"Atta, Rice, Oil & Dals > Rice & Cereals"
Nandini Pure Ghee,"Atta, Rice, Oil & Dals > Ghee"
More Light Extra Power Detergent Powder,Cleaning Essentials > Laundry Detergents
Tata Tea Gold,"Tea, Coffee & More > Tea"
Nestle Cerelac Baby Cereal With Milk Wheat-Rice Mixed Fruit,Packaged Food > Baby Food
Oleev Active Oil Pet Bottle,"Atta, Rice, Oil & Dals > Oil"
Surf Excel Matic Top Load Detergent Powder,Cleaning Essentials > Laundry Detergents
Complan Royale Chocolate Refill (Compass Box Free),"Tea, Coffee & More > Health Drink Mixes"
"The Whole Truth - Nuts, Fruits & Seeds Muesli",Breakfast & Sauces > Breakfast Cereals
Kapiva Wild Tulsi Giloy Juice |,Health & Baby Care > Vitamins & Digestive care
Neutrogena Ultra Sheer Dry Touch SPF 50+ Sunblock Sunscreen Lotion,Bath & Body > Face & Body Creams
Whisper Ultra Soft XL+ Sanitary Pads,Hygiene & Grooming > Feminine Hygiene
Gillete Mach3,Hygiene & Grooming > Men's Grooming
The Whole Truth - 5 Grain Muesli No Added Sugar,Breakfast & Sauces > Breakfast Cereals
Cream Bell Belgian Chocolate Tub,Sweet Cravings > Ice Creams
Horlicks Classic Malt Powder,"Tea, Coffee & More > Health Drink Mixes"
La Shield Pollution Protect Mineral Sunscreen Gel Spf,Bath & Body > Face & Body Creams
Nandu's Chicken Nuggets,Packaged Food > Non Veg - Frozen
So Good Plant Based Almond Milk Unsweetened,Cold Drinks & Juices > Milk Drinks
Del Monte Black Sliced Olives,Breakfast & Sauces > Ketchup & Sauces
Del Monte Pitted Green Olives,Breakfast & Sauces > Ketchup & Sauces
Del Monte Black Pitted Olives,Breakfast & Sauces > Ketchup & Sauces
Kotton Toilet Roll - 3 Ply -100% Virgin Pulp/Paper,Home Needs > Tissues & Disposables
Pee Safe Organic Cotton Tampon Super,Hygiene & Grooming > Feminine Hygiene
Whisper Bindazzz Nights Koala Soft XXXL+ Sanitary Pad,Hygiene & Grooming > Feminine Hygiene
Pee Safe Bio Pads Overnight,Hygiene & Grooming > Feminine Hygiene
Popular Essentials Poppy Seeds (Gasagase),"Masala, Dry Fruits & More > Whole Spices & Seasonings"
Tagz Handcrafted Chocolate Cigarz,Sweet Cravings > Chocolates
Amul Cheese - Block,"Dairy, Bread & Eggs > Butter & Cheese"
Gillette Mach3 Turbo Shaving Blade Cartridge,Hygiene & Grooming > Men's Grooming
Venkys Chicken Burger Patty,Packaged Food > Non Veg - Frozen
Bombay Shaving Company Shea Butter Hair Removal Cream For Women,Hygiene & Grooming > Hair Removal & Make up
Amul Safed Makkhan,"Dairy, Bread & Eggs > Butter & Cheese"
Pee Safe Bio pads Regular,Hygiene & Grooming > Feminine Hygiene
Lion Desert King Dates,"Masala, Dry Fruits & More > Dry Fruits & Seeds"
Sundrop Super Lite Advanced - Sunflower Oil,"Atta, Rice, Oil & Dals > Oil"
Organic Tattva Tur Dal Pouch,"Atta, Rice, Oil & Dals > Toor, Moong & Urad"
"Cream Bell Kesari Rajbhog Rabri Malai flavoured Ice Cream with Cashew Nut,Almonds,Saffron & Chena Rasgulla",Sweet Cravings > Ice Creams
Mapro Khus Sharbat,Cold Drinks & Juices > Instant Drink Mixes
Cream Bell Shahi Kulfi Tub,Sweet Cravings > Ice Creams
Sunsilk Lusciously Thick & Long Shampoo,Bath & Body > Shampoo & Conditioner
Mapro Rose Sharbat,Cold Drinks & Juices > Instant Drink Mixes
Stayfree Secure Nights Cottony Soft Comfort Sanitary Pads,Hygiene & Grooming > Feminine Hygiene
Aer Matic Automatic Air Freshener Refill - Violet Valley Bloom,Cleaning Essentials > Fresheners
Godrej Yummiez Chicken Lucknowi Seekh Kebab,Packaged Food > Non Veg - Frozen
MTR Ready To Eat Gulab Jamun Tin,Packaged Food > Ready To Eat & Cook
Popular Essentials Dry Grapes/Raisins,"Masala, Dry Fruits & More > Dry Fruits & Seeds"
Everest Hingraj Powder,"Masala, Dry Fruits & More > Powders & Pastes"
Schweppes Ginger Ale Can Multipack,Cold Drinks & Juices > Soda & Mixers
Havmor Mocha Brownie Fudge Ice Cream Tub,Sweet Cravings > Ice Creams
Oleev Active Oil (Pouch),"Atta, Rice, Oil & Dals > Oil"
Cadbury Celebrations Premium Chocolate Gift Pack,Sweet Cravings > Chocolates
Old Spice Musk After Shave Lotion,Hygiene & Grooming > Men's Grooming
Nandini Table Butter Salted Box,"Dairy, Bread & Eggs > Butter & Cheese"
Pedigree Biscrok Biscuits Dog Treats (Above 4 Months) Milk and Chicken Flavor,Packaged Food > Pet Food
Nandini Cooking Butter Unsalted,"Dairy, Bread & Eggs > Butter & Cheese"
Gillette Fusion Men'S Razor Battlegrounds Mobile India (Bgmi) Handle,Hygiene & Grooming > Men's Grooming
Schweppes Tonic Water Can Multipack,Cold Drinks & Juices > Soda & Mixers
Pampers Baby Wipes With Aloe,Health & Baby Care > Diapers & Wipes
Shakaharry Jlc Hot And Spicy Nuggets Plant Based And Vegan,Packaged Food > Veg - Frozen
Mamaearth Ubtan Face Wash With Turmeric & Saffron For Tan Removal,Bath & Body > Face Wash & Packs
Mamaearth Tea Tree Face Wash - Tea Tree & Neem,Bath & Body > Face Wash & Packs
Farmley Premium Munakka Farmley Standee Pouch,"Masala, Dry Fruits & More > Dry Fruits & Seeds"
Dott Stainless Steel Dotted Dessert Spoon -18 cm,Home Needs > Kitchen Utility
Origami So Soft Tissue Roll 6 in 1 - 160 Pulls 3 Ply,Home Needs > Tissues & Disposables
Maybelline Colossal Bold Liner,Hygiene & Grooming > Hair Removal & Make up
Henko Matic Liquid Detergent Front Load,Cleaning Essentials > Laundry Detergents
Nivea Body Lotion Aloe Hydration For Normal Skin,Bath & Body > Face & Body Creams
ITC Master Chef Chicken Popcorn,Packaged Food > Non Veg - Frozen
Apis Himalaya Honey Buy1 Get 1 Free,Breakfast & Sauces > Honey & Spreads
Nic Alphonso Mango,Sweet Cravings > Ice Creams
NIC Sitaphal,Sweet Cravings > Ice Creams
Moov Pain Reliever Spray,Health & Baby Care > Wound Care & Pain
Nic Yummy Choco Chips,Sweet Cravings > Ice Creams
Nic Tender Coconut,Sweet Cravings > Ice Creams
Amul Unsalted Cooking Butter,"Dairy, Bread & Eggs > Butter & Cheese"
Glow & Lovely Advanced Multivitamin Face Cream,Bath & Body > Face & Body Creams
Amul Butter - Pasteurised,"Dairy, Bread & Eggs > Butter & Cheese"
Amul Pure Ghee (Tin),"Atta, Rice, Oil & Dals > Ghee"
Parry's White Label Sugar,"Masala, Dry Fruits & More > Salt, Sugar & Jaggery"
Farmley Selecta Green Raisin Long Farmley Standee Pouch,"Masala, Dry Fruits & More > Dry Fruits & Seeds"
Bombay Shaving Company Charcoal Face Wash,Bath & Body > Face Wash & Packs
24 Mantra Organic Himalayan Multiflower Honey,Breakfast & Sauces > Honey & Spreads
Hit Anti Roach Gel,Cleaning Essentials > Repellents
Rambutan,Fruits & Vegetables > Fresh Fruits
Cothas Coffee Coarse Powder - Premium Special,"Tea, Coffee & More > Coffee"
Johnson's Baby Soap,Health & Baby Care > Baby Bath & Skin
Haldiram's Bhujia,Munchies > Namkeens
Yummiez Chicken Garlic Fingers Pouch,Packaged Food > Non Veg - Frozen
Amul Gulabjamun Tin,Sweet Cravings > Indian Mithai
Ariel Matic Liquid Detergent Front Load,Cleaning Essentials > Laundry Detergents
Pears Pure And Gentle Value Pack Of 3 Bathing Soap,Bath & Body > Soaps
Manforce Epic Passion Extra Dotted Premium Condoms For Men With 1800 Square Dots For Intense Pleasure Fruit Punch Flavour Disposable Pouch,Health & Baby Care > Sexual Wellness
Bikano Gulab Jamun Box,Sweet Cravings > Indian Mithai
Everest Tikhalal Chilli Powder,"Masala, Dry Fruits & More > Powders & Pastes"
Bikano Rasgulla,Sweet Cravings > Indian Mithai
Pedigree Dentastix  Dog Treat Oral Care for Adult Large Breed (25 kg+) (7 Sticks),Packaged Food > Pet Food
Surf Excel Quick Wash,Cleaning Essentials > Laundry Detergents
Colgate Total Whole Mouth Health Antibacterial Toothpaste,Hygiene & Grooming > Oral Care
Rage Coffee Original Blend - Premium Arabica Instant Coffee,"Tea, Coffee & More > Coffee"
Parachute Pure Coconut Oil,Bath & Body > Hair Oil & Serums
Boost Energy & Nutrition Drink Refill,"Tea, Coffee & More > Health Drink Mixes"
Licious Chicken Breast Boneless,"Meats, Fish & Eggs > Chicken & Mutton"
Joyo Plastics 24 Clip Cloth Hanging Hanger ( Assorted ),Home Needs > Home Utility
Chuk Eco-friendly Disposable Tray 3 Compartments,Home Needs > Tissues & Disposables
Dhara Groundnut Oil (Pouch),"Atta, Rice, Oil & Dals > Oil"
Gillette Mach3 - Manual Shaving Razor,Hygiene & Grooming > Men's Grooming
Palmolive Feel The Massage Shower Gel,Bath & Body > Shower Gels
Gillette Venus Close & Clean Razor,Hygiene & Grooming > Hair Removal & Make up
Mamaearth Vitamin C Face Wash With Vitamin C & Turmeric,Bath & Body > Face Wash & Packs
Wow Skin Science Onion Black Seed Hair Oil With Comb,Bath & Body > Hair Oil & Serums
Colgate Charcoal Clean Toothpaste Bamboo Charcoal and Mint Black Gel,Hygiene & Grooming > Oral Care
Softouch French Perfume,Cleaning Essentials > Laundry Detergents
Dabur Chyawanprakash Sugar Free,Health & Baby Care > Vitamins & Digestive care
"Indulekha Bringha Shampoo, Proprietary Ayurvedic Medicine for Hair Fall",Bath & Body > Shampoo & Conditioner
Odonil Nature - Air Freshener Zipper Mix,Cleaning Essentials > Fresheners
24 Mantra Organic Tur Dal,"Atta, Rice, Oil & Dals > Toor, Moong & Urad"
Godrej Real Good Chicken Drumstick,"Meats, Fish & Eggs > Chicken & Mutton"
Organic India Classic Tulsi Green Tea,"Tea, Coffee & More > Tea"
Organic India Tulsi Chai Masala,"Tea, Coffee & More > Tea"
Mysore Sandal Soap,Bath & Body > Soaps
Mamaearth Moisturizing Baby Bath Soap,Health & Baby Care > Baby Bath & Skin
Colgate Strong Teeth Anticavity Toothpaste,Hygiene & Grooming > Oral Care
Nutritious Jeera,"Masala, Dry Fruits & More > Whole Spices & Seasonings"
Gala King Kong Grass Floor Broom,Home Needs > Cleaning Aids
Plush XXL Rash Free Sanitary Pads,Hygiene & Grooming > Feminine Hygiene
Meativorous Chicken Boneless Fresh Whole,"Meats, Fish & Eggs > Chicken & Mutton"
Yardley London Morning Dew Perfumed Talc,Hygiene & Grooming > Fragrances & Deos
Amul Tub Gold Cookies & Cream,Sweet Cravings > Ice Creams
Yardley London - English Lavender Perfumed Talc For Women,Hygiene & Grooming > Fragrances & Deos
Olay Regenerist Micro-Sculpting,Bath & Body > Face & Body Creams
Indulekha Bringha Oil,Bath & Body > Hair Oil & Serums
Shree Akshara Premium Sona Masoori Rice (Steam),"Atta, Rice, Oil & Dals > Rice & Cereals"
Amul Caramel Chocolate Gold Ice Cream,Sweet Cravings > Ice Creams
Comfort After Wash Morning Fresh Fabric Conditioner,Cleaning Essentials > Laundry Detergents
Haldiram's Nagpur Aloo Bhujia,Munchies > Namkeens
Gillette Sensitive Shaving Foam,Hygiene & Grooming > Men's Grooming
Chik Hairfall Prevent Egg Shampoo,Bath & Body > Shampoo & Conditioner
Eveready Rechargeable Battery 700 AA,Home Needs > Electricals
Sprouts Brussel,Fruits & Vegetables > Exotic Fruits & Veggies
Nyle Strong & Healthy Anti-Hair Fall Shampoo - With Almonds,Bath & Body > Shampoo & Conditioner
Nandus Chicken Breast Boneless,"Meats, Fish & Eggs > Chicken & Mutton"
Amul King Alphonso Gold Ice Cream,Sweet Cravings > Ice Creams
Sumeru Chicken & Cheese Nuggets,Packaged Food > Non Veg - Frozen
Nandus Chicken Leg boneless,"Meats, Fish & Eggs > Chicken & Mutton"
Godrej Yummiez Chicken Seekh Kabab,Packaged Food > Non Veg - Frozen
Savlon Glycerine Soap,Bath & Body > Soaps
Bikaji Gol Matol Rasgulla,Sweet Cravings > Indian Mithai
Lakme Blush & Glow Strawberry Freshness Gel Face Wash,Bath & Body > Face Wash & Packs
Parachute Advansed Gold Coconut Hair Oil,Bath & Body > Hair Oil & Serums
Eveready Rechargeable Battery AAA (1000 Series) Pack Of 2,Home Needs > Electricals
Comfort After Wash Fabric Conditioner Lily Fresh,Cleaning Essentials > Laundry Detergents
Godrej Real Good Chicken Kheema,"Meats, Fish & Eggs > Chicken & Mutton"
Gillette Venus Hair Removal Razor - With Aloe Vera,Hygiene & Grooming > Hair Removal & Make up
"Parachute Advansed Jasmine, Non Sticky Coconut Hair Oil",Bath & Body > Hair Oil & Serums
Aashirvaad Nature's Super Foods Organic Urad Dal,"Atta, Rice, Oil & Dals > Toor, Moong & Urad"
Soulflower Chamomile Aloe Vera Body Lotion with Vitamin C Hyaluronic Acid Bamboo Extracts,Bath & Body > Face & Body Creams
Kissan Mixed Fruit Jam,Breakfast & Sauces > Honey & Spreads
Pee Safe 100% Organic Tampons Regular,Hygiene & Grooming > Feminine Hygiene
Cipla Nicotex (Tin MInt Plus),Paan Corner > Smoking Accessories
Johnson's Baby Powder,Health & Baby Care > Baby Bath & Skin
Cadbury Bournvita 5 Star Magic Powder,"Tea, Coffee & More > Health Drink Mixes"
Cadbury Bournvita,"Tea, Coffee & More > Health Drink Mixes"
Colgate Visible White O2 Teeth Whitening Toothpaste Peppermint Sparkle Active Oxygen Technology Enamel Safe Teeth Whitening Product,Hygiene & Grooming > Oral Care
Bikano Shahi Mixture,Munchies > Namkeens
Colgate Toothpaste - Visible White Saver Pack,Hygiene & Grooming > Oral Care
Durex Extra Thin Condoms,Health & Baby Care > Sexual Wellness
Durex Extra Dots Condoms,Health & Baby Care > Sexual Wellness
Durex Air Ultra Thin Condom,Health & Baby Care > Sexual Wellness
Durex Extra Ribbed Condoms,Health & Baby Care > Sexual Wellness
Durex Extra Time Condoms,Health & Baby Care > Sexual Wellness
Stayfree Secure Cottony Soft Cover Sanitary Pads with Wings (Extra Large),Hygiene & Grooming > Feminine Hygiene
Brooke Bond 3 Roses Natural Care,"Tea, Coffee & More > Tea"
Anand Sweets Mysore Pak,Sweet Cravings > Indian Mithai
Epigamia Greek Yogurt - Natural,"Dairy, Bread & Eggs > Yogurts & Dahi"
Amul Frozen Rasmalai,Sweet Cravings > Indian Mithai
Shubhkart Surabhi Bhimseni Pure Camphor Container,Home Needs > Pooja Needs
Aashirvaad Nature's Super Foods Organic Moong Dal,"Atta, Rice, Oil & Dals > Toor, Moong & Urad"
Taj Mahal 250g,"Tea, Coffee & More > Tea"
Karachi Bakery Cashew Biscuits,Biscuits > Cookies
Epigamia Greek Yogurt - Strawberry,"Dairy, Bread & Eggs > Yogurts & Dahi"
Epigamia Greek Yogurt - Mango,"Dairy, Bread & Eggs > Yogurts & Dahi"
Fogg Napoleon Body Spray For Men,Hygiene & Grooming > Fragrances & Deos
Nestle Cerelic Wheat Apple Carrot,Packaged Food > Baby Food
Nimeasy Dishwash Liquid Gel,Cleaning Essentials > Kitchen Cleaning
WD 40 Rust Remover Multipurpose Spray (170 gm),Home Needs > Home Utility
Eveready LED Bulb 14W Cool Day White,Home Needs > Electricals
Epigamia Almond Milk Unsweetened Dairy Free,"Dairy, Bread & Eggs > Milk"
Del Monte Pineapple - Slices,Packaged Food > Veg - Frozen
Om Bhakti - Pancha Deepa Oil,Home Needs > Pooja Needs
Nestle Everyday Dairy Whitener,"Dairy, Bread & Eggs > Milk"
"Kotton  Kitchen Towel 3 Ply - 100% Virgin Pulp/Paper, (80 Pulls x 3pcs )",Home Needs > Tissues & Disposables
Surf Excel Matic Front Load Detergent Liquid,Cleaning Essentials > Laundry Detergents
Red Bull Energy Drink 2 Pack,Cold Drinks & Juices > Non-Alco & Energy Drink
Dabur Giloy Juice,Health & Baby Care > Vitamins & Digestive care
Santoor Total Skin Care Soap With Sandal & Turmeric,Bath & Body > Soaps
Nutraj Special Cashew  Pouch,"Masala, Dry Fruits & More > Dry Fruits & Seeds"
Amul Spray Infant Milk Food Tin,Packaged Food > Baby Food
Eveready Rechargeable Torch,Home Needs > Electricals
Baygon Flying Insect Killer,Cleaning Essentials > Repellents
Yummiez Veg Cheese Fingers Pouch,Packaged Food > Veg - Frozen
Sumeru Masala Chicken Pops - Piri Piri,Packaged Food > Non Veg - Frozen
Baidyanath Giloy Tulsi Juice Boosts Immunity for Omni Protection |Helps Relieve Winter Allergies No preservatives or Added Sugar,Health & Baby Care > Vitamins & Digestive care
Amul Chocochip Ice Cream,Sweet Cravings > Ice Creams
Godrej Yummiez Cheese Corn Nuggets,Packaged Food > Veg - Frozen
Baygon Cockroach Insect Killer,Cleaning Essentials > Repellents
Nua Ultra Thin Rash Free Sanitary Pads 12XL pads with disposal Covers,Hygiene & Grooming > Feminine Hygiene
Sundrop Lite Oil,"Atta, Rice, Oil & Dals > Oil"
Cadbury Bournvita Health Drink,"Tea, Coffee & More > Health Drink Mixes"
Nyle Naturals Damage Repair Shampoo,Bath & Body > Shampoo & Conditioner
Axe Signature Dark Temptation After Shave Lotion,Hygiene & Grooming > Men's Grooming
Daawat Biryani Basmati Rice,"Atta, Rice, Oil & Dals > Rice & Cereals"
Vim Drop Dish Wash Liquid Gel Pouch,Cleaning Essentials > Kitchen Cleaning
Saffola Plain Oats,Breakfast & Sauces > Breakfast Cereals
Bombay Shaving Company Post Shave Balm,Hygiene & Grooming > Men's Grooming
Ariel Matic Top Load Liquid Detergent,Cleaning Essentials > Laundry Detergents
Veet Full Body Waxing Kit,Hygiene & Grooming > Hair Removal & Make up
Yoga Bar Peanut Butter Dark Chocolate Jar,Breakfast & Sauces > Honey & Spreads
Zandu Karela Jamun and 3 Herbs Juice Ayurvedic Juice for Diabetes Control with No Added Sugar,Health & Baby Care > Vitamins & Digestive care
Yummiez Green Peas,Packaged Food > Veg - Frozen
Axe Gold Temptation Deedorant Bodyspray,Hygiene & Grooming > Fragrances & Deos
Dabur Chyawanprash - 2 X Immunity,Health & Baby Care > Vitamins & Digestive care
Nestle Ceralac Baby Cereal With Milk - Rice,Packaged Food > Baby Food
Tata Tea Chakra Gold,"Tea, Coffee & More > Tea"
"Kotton  Kitchen Towel 2 Ply - 100% Virgin Pulp/Paper, 60 pulls ( Pack Of 4 )",Home Needs > Tissues & Disposables
Nandus Schezwan Chicken Lollipop,"Meats, Fish & Eggs > Chicken & Mutton"
Park Avenue Premium Pure Luxury Soap Buy 3 Get 1,Bath & Body > Soaps
Park Avenue Fragrant Soap Cool Blue,Bath & Body > Soaps
Hershey's Hot Chocolate Powder,Cold Drinks & Juices > Instant Drink Mixes
Park Avenue Good Morning Freshness Deo Soap,Bath & Body > Soaps
TRESemme Smooth And Shine Conditioner,Bath & Body > Shampoo & Conditioner
Amul Ice Cream Gold Vanilla,Sweet Cravings > Ice Creams
Parachute Advansed Aloe Vera Enriched Coconut Hair Oil,Bath & Body > Hair Oil & Serums
Organic India Sugar Balance 60 Capsules Bottle,Health & Baby Care > Vitamins & Digestive care
Organic India Beautiful Skin Capsules Bottle,Health & Baby Care > Vitamins & Digestive care
boAt 50 Micro Usb Cable(Black),Home Needs > Electricals
Organic India Moringa Powder,Health & Baby Care > Vitamins & Digestive care
Nua Ultra Thin Rash Free Sanitary Pads 12L pads with disposal covers,Hygiene & Grooming > Feminine Hygiene
Anjali Hand Blender,Home Needs > Kitchen Utility
Cinthol Lime Bath Soap - 99.9% Germ Protection,Bath & Body > Soaps
"boAt A320 ""Type C"" Cable-(Black)",Home Needs > Electricals
Happilo Premium International Queen Kalmi Dates,"Masala, Dry Fruits & More > Dry Fruits & Seeds"
Happilo Premium Californian Pitted Prunes,"Masala, Dry Fruits & More > Dry Fruits & Seeds"
Kwality Wall's Fruit & Nut Tub,Sweet Cravings > Ice Creams
Henko Matic Liquid Detergent Top Load,Cleaning Essentials > Laundry Detergents
Amul Chocolate Brownie Ice Cream,Sweet Cravings > Ice Creams
Shree Guruji Orange Crush,Cold Drinks & Juices > Instant Drink Mixes
Sofy AntiBacteria Extra Long Sanitary Pads,Hygiene & Grooming > Feminine Hygiene
Aashirvaad Nature's Super Foods Organic Arhar/Tur Dal,"Atta, Rice, Oil & Dals > Toor, Moong & Urad"
Shree Guruji Rose Sharbat,Cold Drinks & Juices > Instant Drink Mixes
Yogabar 100% Pure Peanut Butter Creamy & Yummy Unsweetened,Breakfast & Sauces > Honey & Spreads
Chuk Eco-friendly Disposable Plate 10 inch,Home Needs > Tissues & Disposables
Stayfree Secure Ultra Thin,Hygiene & Grooming > Feminine Hygiene
Clinic Plus Strong & Long Health Shampoo,Bath & Body > Shampoo & Conditioner
Hair & Care Damage Repair Non-Sticky Hair Oil With Aloe Vera Olive Oil & Green Tea,Bath & Body > Hair Oil & Serums
Engage Woman Blush Body Deo Spray,Hygiene & Grooming > Fragrances & Deos
Prasuma Spring Rolls - Chicken Frozen,Packaged Food > Veg - Frozen
MTR Rava Idli Instant Mix,Packaged Food > Ready To Eat & Cook
Surf Excel Easy Wash Detergent Powder,Cleaning Essentials > Laundry Detergents
Santoor Almond Soft With Sandal & Almond Milk,Bath & Body > Soaps
Kesh King Ayurvedic Anti-Dandruff Shampoo,Bath & Body > Shampoo & Conditioner
India Gate Classic Basmati Rice,"Atta, Rice, Oil & Dals > Rice & Cereals"
Park Avenue After Shave Lotion Cool Blue,Hygiene & Grooming > Men's Grooming
Venkys Chicken Nuggets,Packaged Food > Non Veg - Frozen
Cothas Coffee Coarse Powder - Extra Strong,"Tea, Coffee & More > Coffee"
Vim Dishwash Liquid Gel Lemon Bottle,Cleaning Essentials > Kitchen Cleaning
Park Avenue Signature Voyage Deodorant Perfume For Men Fresh Long Lasting Fragrance,Hygiene & Grooming > Fragrances & Deos
"Dabur Honey 100% Pure, World’s No. 1 Honey Brand",Breakfast & Sauces > Honey & Spreads
TGFC Catla Bengali Cut,"Meats, Fish & Eggs > Fish & Sea Food"
Amul Fresh Cream,"Dairy, Bread & Eggs > Paneer & Cream"
Cadbury Bournvita 5 Star Magic Powder,"Tea, Coffee & More > Health Drink Mixes"
Nyle Dryness Hydration Herbal Shampoo,Bath & Body > Shampoo & Conditioner
Nutralite Healthier & Delicious Fat Spread Tub,"Dairy, Bread & Eggs > Butter & Cheese"
Fiama Di Wills Lemongrass & Jojoba Gel Bar,Bath & Body > Soaps
Scotch Brite Sponge Wipes,Home Needs > Cleaning Aids
Fiama Peach & Avocado Gel Bar,Bath & Body > Soaps
Safal Frozen Green Peas,Packaged Food > Veg - Frozen
Nivea Frangipani & Oil Shower Gel,Bath & Body > Shower Gels
Nivea Men Deodorant Protect & Care No Skin Irritation & 48h Freshness,Hygiene & Grooming > Fragrances & Deos
Origami Non-Woven Kitchen Towel,Home Needs > Tissues & Disposables
Nivea Men Face Wash Deep Impact Intense Clean For Beard & Face With Black Carbon,Bath & Body > Face Wash & Packs
Nivea Women Deodorant Fresh Natural Long Lasting Freshness & 48h Protection,Hygiene & Grooming > Fragrances & Deos
Origami Cups Plain 100 units,Home Needs > Tissues & Disposables
Ferrero Nutella Hazelnut Spread,Breakfast & Sauces > Honey & Spreads
Plush Rash Free Sanitary Pads(8L+6XL),Hygiene & Grooming > Feminine Hygiene
Safe Harvest Tur Dal,"Atta, Rice, Oil & Dals > Toor, Moong & Urad"
Nivea Men Face Wash Dark Spot Reduction for Clean & Clear Skin with 10x Vitamin C Effect,Bath & Body > Face Wash & Packs
Nutraj Gold Almond Kernels Pouch,"Masala, Dry Fruits & More > Dry Fruits & Seeds"
Hit Kills Disease Spreading Cockroaches,Cleaning Essentials > Repellents
Palmolive Aroma Morning Tonic Shower Gel,Bath & Body > Shower Gels
Hit Flying Insect Killer,Cleaning Essentials > Repellents
Sumeru Cheese Corn Nuggets,Packaged Food > Veg - Frozen
Max Protein Muesli Munchies Choco Crunchy,Breakfast & Sauces > Breakfast Cereals
"Mortein Cockroach Killer Spray, Crawling insect killer with Deep-Reach Nozzle",Cleaning Essentials > Repellents
Nutritious Khus Khus,"Masala, Dry Fruits & More > Whole Spices & Seasonings"
Bagrry's Steel Cut Oats (Old Fashioned),Breakfast & Sauces > Breakfast Cereals
Karachi Bakery Pista Biscuits,Biscuits > Cookies
Haldiram's Gulab Jamun,Sweet Cravings > Indian Mithai
Lion Dates Syrup,Cold Drinks & Juices > Instant Drink Mixes
Beco Baking & Cooking Parchment Paper,Home Needs > Tissues & Disposables
Nivea Waterlily & Oil Shower Gel,Bath & Body > Shower Gels
Medimix Ayurvedic Soap Spl Promo,Bath & Body > Soaps
Fanta Can Multipack,Cold Drinks & Juices > Non-Alco & Energy Drink
Thums Up Can Multipack,Cold Drinks & Juices > Non-Alco & Energy Drink
CookieMan Brownie Brittle,Biscuits > Cookies
Mysore Sandal Sandal Jasmine Rose Soap,Bath & Body > Soaps
Kiwi Drain Cleaner Bottle,Cleaning Essentials > Household Cleaners
Haldiram's Rasgulla,Sweet Cravings > Indian Mithai
Everest Coriander Powder,"Masala, Dry Fruits & More > Powders & Pastes"
Karachi Bakery Double Delight - Badam Pista & Fruit,Biscuits > Cookies
Sunfeast Farmlite 5 Grain Digestive Biscuit - High In Fibre,Biscuits > Digestives
Karachi Bakery Double Delight - Chocolate Cashew & Fruits Biscuits,Biscuits > Cookies
The Whole Truth - Dark Chocolate Hazelnut,Sweet Cravings > Chocolates
Coke Zero Can Multipack,Cold Drinks & Juices > Non-Alco & Energy Drink
Toblerone Swiss Dark Chocolate With Honey & Almond Nougat,Sweet Cravings > Chocolates
CookieMan Double Chocolate Cookies,Biscuits > Cookies
Liril Lime Rush Soap,Bath & Body > Soaps
Coca Cola Can Multipack,Cold Drinks & Juices > Non-Alco & Energy Drink
Johnson's Baby Oil,Health & Baby Care > Baby Bath & Skin
Colgate Max Fresh Cooling Crystals,Hygiene & Grooming > Oral Care
Fogg Marco Body Spray For Men,Hygiene & Grooming > Fragrances & Deos
Creambell Café Latte,Sweet Cravings > Ice Creams
Himalaya Baby Powder,Health & Baby Care > Baby Bath & Skin
MTR Vada Breakfast Mix,Packaged Food > Ready To Eat & Cook
Post-it Super Sticky Notes 3 in. x 3 in 3 Pads/Pack 45 Sheets/Pad,Home Needs > Stationery & Games
Fogg Paradise Fragrant Body Spray For Women,Hygiene & Grooming > Fragrances & Deos
Stellar Define,Paan Corner > Cigarettes
Sensodyne Freshmint Tube,Hygiene & Grooming > Oral Care
Tata Sampann kabuli chana,"Atta, Rice, Oil & Dals > Chana, Rajma & Others"
Kama Sutra Personal Lube Strawberry,Health & Baby Care > Sexual Wellness
Nutralite DoodhShakti Probiotic Butter Spread (Salted),"Dairy, Bread & Eggs > Butter & Cheese"
Stellar shift with Mint,Paan Corner > Cigarettes
"ITC Master Chef Prawns - Large, Peeled & Deveined,",Packaged Food > Non Veg - Frozen
CookieMan Pista Fingers,Biscuits > Cookies
Meativorous Chicken Lollipop Fresh,"Meats, Fish & Eggs > Chicken & Mutton"
Dhara Nourish Refined Sunflower Oil Pouch,"Atta, Rice, Oil & Dals > Oil"
Plush All Natural Shaving Gel For Women,Hygiene & Grooming > Hair Removal & Make up
TGFC Rohu Bengali Cut,"Meats, Fish & Eggs > Fish & Sea Food"
CamPure Cone Jasmine,Cleaning Essentials > Fresheners
Scotch-Brite Microfiber Kitchen Wipe,Home Needs > Cleaning Aids
Gillette Classic Menthol Shave Foam,Hygiene & Grooming > Men's Grooming
Soham Housewares Ritu Mini Handy and Compact Chopper - 650ml,Home Needs > Kitchen Utility
365 Activity Book,Home Needs > Stationery & Games
Little's Organix Gentle Baby Powder,Health & Baby Care > Baby Bath & Skin
Cadbury Celebrations Assorted Chocolate Gift Pack,Sweet Cravings > Chocolates
Kolorr Ratan Chopping Board - 2 Pcs Set (Assorted),Home Needs > Kitchen Utility
Surf Excel Easy Wash Detergent Liquid,Cleaning Essentials > Laundry Detergents
CamPure Cone Lavender,Cleaning Essentials > Fresheners
Lifebuoy Total 10 Activ Naturol Germ Protection Handwash Refill,Hygiene & Grooming > Handwash & Sanitizers
Popular Essentials Roasted Cashews - Honey Jar,"Masala, Dry Fruits & More > Dry Fruits & Seeds"
Hershey's Chocolate Flavour Syrup,Cold Drinks & Juices > Instant Drink Mixes
Everest Kashmiri Lal Powder,"Masala, Dry Fruits & More > Powders & Pastes"
Popular Essentials Byadagi Chilli Stemless,"Masala, Dry Fruits & More > Whole Spices & Seasonings"
Popular Essentials Premium Ground Nut,"Masala, Dry Fruits & More > Dry Fruits & Seeds"
Popular Essentials Roasted Cashews - Jalapeno & Cheese Jar,"Masala, Dry Fruits & More > Dry Fruits & Seeds"
Popular Essentials Roasted Cashews - Classic Salt Jar,"Masala, Dry Fruits & More > Dry Fruits & Seeds"
TRESemme Smooth And Shine Conditioner,Bath & Body > Shampoo & Conditioner
Popular Essentials Roasted Cashews - Red Chilly Jar,"Masala, Dry Fruits & More > Dry Fruits & Seeds"
Dhara Kachi Ghani Oil Mustard Bottle,"Atta, Rice, Oil & Dals > Oil"
WOW Skin Science Aloe Vera Gel,Bath & Body > Face Wash & Packs
Pears Naturale Detoxifying Aloevera Bodywash,Bath & Body > Shower Gels
Parachute Advansed Ayurvedic Hot Oil Warming Coconut Hair Oil,Bath & Body > Hair Oil & Serums
Nandu's Chicken Breaded Strips,Packaged Food > Non Veg - Frozen
Lizol Disinfectant Surface & Floor Cleaner Liquid Jasmine,Cleaning Essentials > Household Cleaners
Dairy Craft Farm House Cheese Slice Garlic Flavour,"Dairy, Bread & Eggs > Butter & Cheese"
Organic India Psyllium Whole Husk,Health & Baby Care > Vitamins & Digestive care
Dott Stainless Steel Baby Spoon - 16 cm,Home Needs > Kitchen Utility
Organic India Tulsi Ginger Tea,"Tea, Coffee & More > Tea"
Engage Woman Deodorant - Tease,Hygiene & Grooming > Fragrances & Deos
Haldirams Nagpur Rasmalai,Sweet Cravings > Indian Mithai
Nandus Chicken 65,Packaged Food > Non Veg - Frozen
Nutralite Healthier & Delicious Fat Spread Carton,"Dairy, Bread & Eggs > Butter & Cheese"
Lacto Calamine Oil Control Daily Nourishing Face Lotion,Bath & Body > Face & Body Creams
Dott Stainless Steel Fork- 16 cm,Home Needs > Kitchen Utility
Toblerone White Chocolate with Honey & Almond Nougat Pouch,Sweet Cravings > Chocolates
Ghadi Detergent Powder,Cleaning Essentials > Laundry Detergents
Toblerone Swiss Milk Chocolate,Sweet Cravings > Chocolates
Cream Bell Chocolate Choco Chips Ice Cream,Sweet Cravings > Ice Creams
Dettol Antiseptic Liquid,Health & Baby Care > Wound Care & Pain
Hit Lime Fresh Insect Killer,Cleaning Essentials > Repellents
Safe Harvest Tamarind,"Masala, Dry Fruits & More > Whole Spices & Seasonings"
Eastern Powder - Chilly,"Masala, Dry Fruits & More > Powders & Pastes"
Vijay White Shell Eggs,"Dairy, Bread & Eggs > Eggs"
Gillette Classic Regular Shave Foam,Hygiene & Grooming > Men's Grooming
Oleev Health Oil (Pouch),"Atta, Rice, Oil & Dals > Oil"
Shree Guruji Orange Squash,Cold Drinks & Juices > Instant Drink Mixes
Shree Guruji Pineapple Squash,Cold Drinks & Juices > Instant Drink Mixes
Pantai Coconut Cream,Packaged Food > Baking Mixes & Ingredients
Goldwinner Refined Groundnut Oil  Pouch,"Atta, Rice, Oil & Dals > Oil"
Organic India Shatavari,Health & Baby Care > Vitamins & Digestive care
Organic India Brahmi Bottle,Health & Baby Care > Vitamins & Digestive care
Organic India Moringa Essential Nutrition,Health & Baby Care > Vitamins & Digestive care
Nivea Shower Gel Lemon & Oil,Bath & Body > Shower Gels
Organic India Triphala Bottle,Health & Baby Care > Vitamins & Digestive care
Del Monte Penne Rigate Pasta Durum Wheat,Packaged Food > Pasta & Soups
Doms Poster Colour 12 Shades,Home Needs > Stationery & Games
Bacardi MIX'R - Mojito,Cold Drinks & Juices > Soda & Mixers
Whisper Bindazzz Night Sanitary Pads XL Plus,Hygiene & Grooming > Feminine Hygiene
Unibic Choco Nut,Biscuits > Cookies
Palmolive Aroma Absolute Relax Shower Gel,Bath & Body > Shower Gels
Blue Tokai Classic Bold Cold Brew Cans,"Tea, Coffee & More > Coffee"
Dove Daily Shine Shampoo,Bath & Body > Shampoo & Conditioner
Del Monte Spaghetti Pasta,Packaged Food > Pasta & Soups
Gold Flake SLK Cigarette,Paan Corner > Cigarettes
"Kotton Non Woven Reusable and Washable Kitchen Roll,Multipurpose - 23 cm  x 21 cm - 80 Pulls",Home Needs > Tissues & Disposables
Gits Rasgulla Open & Eat Tin,Sweet Cravings > Indian Mithai
Gits Gulab Jamun Open & Eat Tin,Sweet Cravings > Indian Mithai
Nandus Chicken Lollipop,"Meats, Fish & Eggs > Chicken & Mutton"
Amul Avsar Kaju Katri,Sweet Cravings > Indian Mithai
Dove Hair Fall Rescue Shampoo,Bath & Body > Shampoo & Conditioner
Brooke Bond 3 Roses Dust Tea,"Tea, Coffee & More > Tea"
Bacardi MIX'R - Long Island Tea,Cold Drinks & Juices > Soda & Mixers
Pantene Adv Hairfall Solution Conditioner Silky Smooth,Bath & Body > Shampoo & Conditioner
Nestea Instant Iced Tea Lemon,"Tea, Coffee & More > Tea"
Amul Rasgulla (Rosogolla) Tin,Sweet Cravings > Indian Mithai
Nutritious Til Regular,"Masala, Dry Fruits & More > Whole Spices & Seasonings"
Blue Tokai Classic Light Cold Brew Cans,"Tea, Coffee & More > Coffee"
Nandus Chicken Drumstick,"Meats, Fish & Eggs > Chicken & Mutton"
Classic Verve Cigarette,Paan Corner > Cigarettes
Lifebuoy Nature Germ Protection Handwash Refill,Hygiene & Grooming > Handwash & Sanitizers
Godrej Real Good Chicken Legs,"Meats, Fish & Eggs > Chicken & Mutton"
Om Bhakti Ghee Cotton Wick for Diya - Big,Home Needs > Pooja Needs
Garnier Bright Complete Brightening Face Wash,Bath & Body > Face Wash & Packs
Ambi pur Car Air Freshener Refill - Aqua (Watery Citrus Freshness),Cleaning Essentials > Fresheners
Axe Dark Temptation Men's Deodorant,Hygiene & Grooming > Fragrances & Deos
Ambi pur Car Air Freshener Refill - Lavender Spa,Cleaning Essentials > Fresheners
Fortune Rice Bran (Pouch),"Atta, Rice, Oil & Dals > Oil"
Soulfull Ragi Bites Choco Fills,Breakfast & Sauces > Breakfast Cereals
Sensodyne Freshgel Tube,Hygiene & Grooming > Oral Care
Garnier Color Naturals 3.16 Burgundy,Bath & Body > Hair Colour & Cream
Garnier Color Naturals Creme Riche Nourishing Permanent Hair Color,Bath & Body > Hair Colour & Cream
Johnson's Baby Soap,Health & Baby Care > Baby Bath & Skin
